a,b,human,human_err
0.016,1.0,0.3195562770562771,0.36003027355794115
0.027,0.027,0.14666666666666667,0.22849622823099178
0.031,1.0,0.6377705627705628,0.4050574454284778
0.048,0.048,0.5404195011337868,0.2950398369389944
0.063,1.0,0.8401738473167044,0.21032007728088492
0.086,0.086,0.6311417402042403,0.2982789269887954
0.125,1.0,0.8835739723239724,0.14606270566749868
0.157,0.157,0.8070657603266298,0.22217124100619048
0.25,1.0,0.8925432975122417,0.20237420860634553
0.288,0.288,0.9183774630541871,0.12694242025410718
1.0,0.011,0.10883838383838383,0.15732795153887202
1.0,0.022,0.5607819957819957,0.2909705855862483
1.0,0.045,0.7806298199155342,0.2123342032098577
1.0,0.089,0.9086803011803012,0.09674121441444643
1.0,0.355,0.9311290322580644,0.12288251837189745
1.0,1.0,0.9302519841269842,0.12402898853888047
