a,b,acuity
0.016,1.0,1.557857142857143
0.021,0.191,1.6383333333333336
0.024,0.048,1.659
0.027,0.027,1.7261111111111114
0.031,1.0,0.9223809523809523
0.032,0.016,1.7740000000000002
0.039,0.157,1.2216666666666667
0.043,0.086,1.2879999999999998
0.048,0.048,1.3561111111111113
0.054,0.048,1.389
0.06,0.004,1.4666666666666668
0.063,1.0,0.6295238095238096
0.072,0.288,0.8500000000000001
0.078,0.157,0.891
0.086,0.086,0.9511111111111111
0.094,0.006,1.4800000000000002
0.096,0.048,0.9869999999999999
0.125,1.0,0.7585714285714286
0.134,0.534,0.49833333333333335
0.144,0.288,0.54
0.151,0.009,1.3016666666666667
0.157,0.157,0.6094444444444445
0.172,0.086,0.6180000000000001
0.25,1.0,0.3642857142857143
0.253,0.016,0.8700000000000001
0.267,0.535,0.202
0.288,0.288,0.26555555555555554
0.312,0.157,0.284
0.435,0.027,0.5333333333333333
1.0,0.011,0.6816666666666666
1.0,0.022,0.7207142857142858
1.0,0.045,0.47500000000000003
1.0,0.089,0.05857142857142857
1.0,0.178,-0.07666666666666667
1.0,0.355,0.12571428571428575
1.0,1.0,0.03998015873015874
