Filter_no,a,b,VA,CS,Cond
10,0.288,0.288,0.36,1.59,Combined
8,0.157,0.157,0.66,1.33,Combined
6,0.086,0.086,0.97,1.07,Combined
4,0.048,0.048,1.27,0.82,Combined
2,0.027,0.027,1.57,0.59,Combined
9,0.25,1,0.36,2.05,Horizontal
7,0.125,1,0.66,1.96,Horizontal
5,0.063,1,0.97,1.85,Horizontal
3,0.031,1,1.27,1.67,Horizontal
1,0.016,1,1.57,1.49,Horizontal
16,1,1,-0.24,2.13,Original
15,1,0.355,-0.19,1.65,Vertical
14,1,0.089,-0.1,1.06,Vertical
13,1,0.045,-0.04,0.76,Vertical
12,1,0.022,0.03,0.47,Vertical
11,1,0.011,0.13,0.2,Vertical