image_no,Filter_no,a,b,Expected,human,spts,ppocr,maerec,google,azure
Chart48,37,0.016,1,1.57,1.562,1.8,1.8,1.6,1.8,1.8
Chart47,33,0.031,1,1.27,1.344,1.8,1.8,1.28,1.74,1.68
Chart46,26,0.063,1,0.97,1.074,1.78,1.78,1.1,1.46,1.44
Chart45,20,0.125,1,0.66,0.612,1.74,1.72,0.92,1.22,1.28
Chart44,14,0.25,1,0.36,0.264,1.56,1.4,0.68,0.96,1.2
Chart33,14,0.25,1,0.36,0.273333333,1.44,1.34,0.66,0.78,1.14
Chart27,1,1,1,-0.24,-0.06,1.22,1.12,0,0.06,1.16
Chart1,1,1,1,-0.24,-0.065,1.22,1.02,-0.08,0.04,1.14
Chart7,12,0.267379679,0.534759358,0.36,0.262,1.48,1.4,0.62,0.84,1.14
Chart34,19,0.133511348,0.534045394,0.66,0.563333333,1.68,1.6,0.86,1.16,1.2
Chart49,2,1,0.3548,-0.19,-0.086666667,1.3,1.18,-0.02,0,1.1
Chart35,25,0.07183908,0.287356322,0.97,0.926666667,1.8,1.76,1,1.64,1.66
Chart8,18,0.143678161,0.287356322,0.66,0.574,1.78,1.7,0.82,1.26,1.26
Chart28,11,0.287356322,0.287356322,0.36,0.336666667,1.74,1.38,0.5,0.96,1.12
Chart2,11,0.287356322,0.287356322,0.36,0.295,1.66,1.44,0.46,0.9,1.18
Chart37,36,0.021450021,0.19138756,1.57,1.683333333,1.8,1.8,1.48,1.8,1.8
Chart50,3,1,0.1778,-0.15,-0.044444444,1.58,1.36,-0.02,0.2,1.12
Chart3,16,0.15625,0.15625,0.66,0.65,1.8,1.8,0.72,1.5,1.58
Chart29,16,0.15625,0.15625,0.66,0.643333333,1.8,1.76,0.68,1.42,1.58
Chart12,10,0.3125,0.15625,0.36,0.306,1.72,1.78,0.3,1.16,1.2
Chart36,31,0.039032006,0.156128025,1.27,1.28,1.8,1.8,1.18,1.78,1.8
Chart9,24,0.07800312,0.15600624,0.97,0.96,1.8,1.8,1,1.72,1.72
Chart51,4,1,0.0891,-0.1,0.004444444,1.68,1.38,-0.04,0.46,1.18
Chart10,30,0.042918455,0.08583691,1.27,1.316,1.8,1.8,1.16,1.8,1.8
Chart30,23,0.08583691,0.08583691,0.97,0.996666667,1.8,1.8,1.02,1.74,1.8
Chart4,23,0.08583691,0.08583691,0.97,0.988333333,1.8,1.8,0.9,1.74,1.8
Chart13,15,0.171526587,0.085763293,0.66,0.626,1.8,1.8,0.68,1.62,1.66
Chart11,35,0.023923445,0.04784689,1.57,1.682,1.8,1.8,1.4,1.8,1.8
Chart31,29,0.04784689,0.04784689,1.27,1.37,1.8,1.8,1.28,1.8,1.8
Chart15,28,0.054377379,0.04784689,,1.44,1.8,1.8,1.22,1.8,1.8
Chart5,29,0.04784689,0.04784689,1.27,1.36,1.8,1.8,1.2,1.8,1.8
Chart14,21,0.09569378,0.04784689,0.97,1.004,1.8,1.8,1,1.78,1.8
Chart52,5,1,0.0447,-0.04,0.097777778,1.76,1.8,0.02,1.14,1.2
Chart6,34,0.02718869,0.02718869,1.57,1.728333333,1.8,1.8,1.6,1.8,1.8
Chart32,34,0.02718869,0.02718869,1.57,1.76,1.8,1.8,1.54,1.8,1.8
Chart38,9,0.434782609,0.027173913,0.36,0.543333333,1.8,1.8,0.66,1.78,1.76
Chart53,6,1,0.0224,0.03,0.224444444,1.78,1.8,0.16,1.78,1.66
Chart39,13,0.253164557,0.015822785,0.66,0.896666667,1.78,1.8,1.48,1.8,1.8
Chart16,32,0.031615555,0.015807777,1.57,1.79,1.8,1.8,1.5,1.8,1.8
Chart54,7,1,0.0112,0.13,0.508888889,1.8,1.8,1.38,1.8,1.78
Chart40,17,0.15128593,0.009455371,0.97,1.41,1.8,1.8,1.48,1.8,1.8
Chart41,22,0.093632959,0.00585206,,1.733333333,1.8,1.8,1.54,1.8,1.8
Chart55,8,1,0.0056,,1.8,1.8,1.8,1.44,1.8,1.8
Chart42,27,0.060168472,0.003760529,,1.8,1.8,1.8,1.56,1.8,1.8
Chart26,,,,,1.8,1.8,1.8,1.48,1.8,1.8
Chart21,,,,,1.7,1.8,1.8,1.42,1.8,1.8
Chart20,,,,,1.32,1.8,1.8,1.2,1.8,1.8
Chart25,,,,,1.57,1.8,1.8,1.2,1.8,1.8
Chart24,,,,,1.09,1.8,1.8,1.04,1.8,1.8
Chart19,,,,,1.02,1.8,1.78,0.96,1.58,1.72
Chart18,,,,,0.57,1.74,1.62,0.78,1.24,1.18
Chart23,,,,,0.79,1.8,1.8,0.74,1.68,1.72
Chart17,,,,,0.28,1.42,1.32,0.6,0.8,1.12
Chart22,,,,,0.39,1.76,1.8,0.34,1.48,1.2