a,b,human,human_c_err,maerec,spts,ppocr,azure,google,Expected
1,1,-0.135833333,0.010833333,0.4135,0.546,0.3345,0.75,0.29525,-0.24
1,0.355,-0.15,0.023094011,0.504333333,0.589666667,0.518666667,0.7,0.319333333,-0.19
1,0.178,-0.113333333,0.027888668,0.503,0.661333333,0.595666667,0.733333333,0.318666667,-0.15
1,0.089,-0.066666667,0.033532737,0.603,0.742333333,0.712,0.7,0.369666667,-0.1
1,0.045,0.04,0.030659419,0.687,0.799,0.799666667,0.733333333,0.524666667,-0.04
1,0.022,0.203333333,0.034992063,1.004666667,0.832666667,1.382666667,0.741,0.657666667,0.03
1,0.011,0.542,0.03088689,1.546,1.104333333,1.748333333,0.766,1.363,0.13
0.435,0.027,0.504,0.039558677,1.748,1.667,1.748,1.318,1.482,0.36
0.312,0.156,0.280909091,0.011790177,1.306,1.491,1.329,1.204,1.234,0.36
0.287,0.287,0.25,0.0132613,1.219,1.413,1.201,1.138,1.208,0.36
0.267,0.535,0.201818182,0.015656435,1.209,1.367,1.11,1.103,1.2,0.36
0.253,0.016,0.85,0.046212072,1.749,1.746,1.749,1.716,1.749,0.66
0.25,1,0.177058824,0.014239669,1.205,1.42125,1.0295,1.116,1.1245,0.36
0.172,0.086,0.622727273,0.01071031,1.749,1.749,1.749,1.719,1.615,0.66
0.156,0.156,0.60137931,0.01057141,1.745,1.745,1.7,1.701,1.6,0.66
0.151,0.009,1.352222222,0.056538526,1.749,1.749,1.749,1.749,1.749,0.97
0.144,0.287,0.539090909,0.00563343,1.628,1.741,1.6,1.62,1.537,0.66
0.134,0.534,0.527,0.027570113,1.504,1.739,1.534,1.6,1.507,0.66
0.125,1,0.527142857,0.039201208,1.467666667,1.737333333,1.543666667,1.600333333,1.507333333,0.66
0.096,0.048,1.031,0.029418437,1.749,1.749,1.749,1.749,1.749,0.97
0.094,0.006,,,1.748,1.748,1.748,1.748,1.748,NA
0.086,0.086,0.944137931,0.007600189,1.747,1.747,1.747,1.747,1.747,0.97
0.078,0.156,0.885454545,0.013775052,1.747,1.747,1.747,1.747,1.747,0.97
0.072,0.287,0.862,0.020483055,1.747,1.747,1.747,1.747,1.747,0.97
0.063,1,0.869333333,0.013468364,1.748666667,1.748666667,1.741333333,1.748666667,1.744,0.97
0.06,0.004,,,1.749,1.749,1.749,1.749,1.749,NA
0.054,0.048,,,1.748,1.748,1.748,1.748,1.748,NA
0.048,0.048,1.356206897,0.014032104,1.748,1.748,1.748,1.748,1.748,1.27
0.043,0.086,1.286363636,0.013502372,1.747,1.747,1.747,1.747,1.747,1.27
0.039,0.156,1.24,0.017061979,1.747,1.747,1.747,1.747,1.747,1.27
0.032,0.016,,,1.749,1.749,1.749,1.749,1.749,1.57
0.031,1,1.27,0.027945525,1.747666667,1.747666667,1.747666667,1.747666667,1.747666667,1.27
0.027,0.027,,,1.749,1.749,1.749,1.749,1.749,1.57
0.024,0.048,,,1.746,1.746,1.746,1.746,1.746,1.57
0.021,0.191,,,1.746,1.746,1.746,1.746,1.746,1.57
0.016,1,1.55,0,1.748,1.748,1.748,1.748,1.748,1.57